Datetime,Water Level (m)
2025-08-15 12:00:00,1.6723019
2025-08-15 13:00:00,1.0954999
2025-08-15 14:00:00,0.35434905
2025-08-15 15:00:00,-0.43150508
2025-08-15 16:00:00,-1.1063387
2025-08-15 17:00:00,-1.5222447
2025-08-15 18:00:00,-1.3621087
2025-08-15 19:00:00,-0.42525184
2025-08-15 20:00:00,0.5226506
2025-08-15 21:00:00,1.354732
2025-08-15 22:00:00,1.9028641
2025-08-15 23:00:00,2.1858978
2025-08-16 00:00:00,2.1243181
2025-08-16 01:00:00,1.6822323
2025-08-16 02:00:00,1.0286196
2025-08-16 03:00:00,0.21993186
2025-08-16 04:00:00,-0.47030687
2025-08-16 05:00:00,-0.9987259
2025-08-16 06:00:00,-1.1651138
2025-08-16 07:00:00,-0.71926045
2025-08-16 08:00:00,0.09721677
2025-08-16 09:00:00,0.8586056
2025-08-16 10:00:00,1.4229149
2025-08-16 11:00:00,1.7636696
2025-08-16 12:00:00,1.8339577
2025-08-16 13:00:00,1.5694408
2025-08-16 14:00:00,1.0374655
2025-08-16 15:00:00,0.3355153
2025-08-16 16:00:00,-0.39615062
2025-08-16 17:00:00,-0.977522
2025-08-16 18:00:00,-1.2863352
2025-08-16 19:00:00,-1.0602524
2025-08-16 20:00:00,-0.2812908
2025-08-16 21:00:00,0.5356872
2025-08-16 22:00:00,1.2420243
2025-08-16 23:00:00,1.7683321
2025-08-17 00:00:00,2.083029
2025-08-17 01:00:00,2.0992887
2025-08-17 02:00:00,1.7688941
2025-08-17 03:00:00,1.2178514
2025-08-17 04:00:00,0.4933108
2025-08-17 05:00:00,-0.17511381
2025-08-17 06:00:00,-0.68953246
2025-08-17 07:00:00,-0.90762764
2025-08-17 08:00:00,-0.6931659
2025-08-17 09:00:00,-0.06648103
2025-08-17 10:00:00,0.5683722
2025-08-17 11:00:00,1.099986
2025-08-17 12:00:00,1.4756579
2025-08-17 13:00:00,1.6706479
2025-08-17 14:00:00,1.5830779
2025-08-17 15:00:00,1.2050045
2025-08-17 16:00:00,0.6046945
2025-08-17 17:00:00,-0.03072017
2025-08-17 18:00:00,-0.587613
2025-08-17 19:00:00,-0.8906174
2025-08-17 20:00:00,-0.83401203
2025-08-17 21:00:00,-0.30108935
2025-08-17 22:00:00,0.36003026
2025-08-17 23:00:00,1.0245432
2025-08-18 00:00:00,1.5667123
2025-08-18 01:00:00,1.970429
2025-08-18 02:00:00,2.1175132
2025-08-18 03:00:00,1.9715742
2025-08-18 04:00:00,1.5648963
2025-08-18 05:00:00,0.9447582
2025-08-18 06:00:00,0.27644917
2025-08-18 07:00:00,-0.25589448
2025-08-18 08:00:00,-0.59090954
2025-08-18 09:00:00,-0.6167336
2025-08-18 10:00:00,-0.2821381
2025-08-18 11:00:00,0.29413494
2025-08-18 12:00:00,0.8544589
2025-08-18 13:00:00,1.2939745
2025-08-18 14:00:00,1.5725687
2025-08-18 15:00:00,1.6631961
2025-08-18 16:00:00,1.5111926
2025-08-18 17:00:00,1.1081269
2025-08-18 18:00:00,0.49053532
2025-08-18 19:00:00,-0.09686309
2025-08-18 20:00:00,-0.5467906
2025-08-18 21:00:00,-0.7278896
2025-08-18 22:00:00,-0.49837682
2025-08-18 23:00:00,0.11965158
2025-08-19 00:00:00,0.817261
2025-08-19 01:00:00,1.451128
2025-08-19 02:00:00,1.9247334
2025-08-19 03:00:00,2.1961188
2025-08-19 04:00:00,2.187157
2025-08-19 05:00:00,1.8807386
2025-08-19 06:00:00,1.3184462
2025-08-19 07:00:00,0.58739084
2025-08-19 08:00:00,-0.071834706
2025-08-19 09:00:00,-0.59099865
2025-08-19 10:00:00,-0.8346232
2025-08-19 11:00:00,-0.7208059
2025-08-19 12:00:00,-0.14198516
2025-08-19 13:00:00,0.52498686
2025-08-19 14:00:00,1.1279082
2025-08-19 15:00:00,1.5257455
2025-08-19 16:00:00,1.733141
2025-08-19 17:00:00,1.6755605
2025-08-19 18:00:00,1.3087258
2025-08-19 19:00:00,0.6953561
2025-08-19 20:00:00,0.005908248
2025-08-19 21:00:00,-0.592105
2025-08-19 22:00:00,-0.9370014
2025-08-19 23:00:00,-0.88648134
2025-08-20 00:00:00,-0.26144716
2025-08-20 01:00:00,0.5488443
2025-08-20 02:00:00,1.3311126
2025-08-20 03:00:00,1.9190034
2025-08-20 04:00:00,2.2866116
2025-08-20 05:00:00,2.3676305
2025-08-20 06:00:00,2.063661
2025-08-20 07:00:00,1.4725422
2025-08-20 08:00:00,0.6507747
2025-08-20 09:00:00,-0.15494187
2025-08-20 10:00:00,-0.7570943
2025-08-20 11:00:00,-1.1386096
2025-08-20 12:00:00,-1.025435
2025-08-20 13:00:00,-0.30848116
2025-08-20 14:00:00,0.5161177
2025-08-20 15:00:00,1.2233555
2025-08-20 16:00:00,1.6915256
2025-08-20 17:00:00,1.9227098
2025-08-20 18:00:00,1.8541402
2025-08-20 19:00:00,1.4166418
2025-08-20 20:00:00,0.7280843
2025-08-20 21:00:00,-0.06048231
2025-08-20 22:00:00,-0.7516129
2025-08-20 23:00:00,-1.2139388
2025-08-21 00:00:00,-1.1507047
2025-08-21 01:00:00,-0.3629191
2025-08-21 02:00:00,0.5749926
2025-08-21 03:00:00,1.4696139
2025-08-21 04:00:00,2.1054356
2025-08-21 05:00:00,2.4456158
2025-08-21 06:00:00,2.4528408
2025-08-21 07:00:00,2.0199544
2025-08-21 08:00:00,1.3059496
2025-08-21 09:00:00,0.3888702
2025-08-21 10:00:00,-0.4639133
2025-08-21 11:00:00,-1.1574721
2025-08-21 12:00:00,-1.5086178
